2022-02-23,,
2022-02-24,,
2022-02-25,,
2022-02-28,,
2022-03-01,,
2022-03-02,P,
2022-03-03,P,
2022-03-04,P,
2022-03-07,N,
2022-03-08,N,
2022-03-09,N,
2022-03-10,N,
2022-03-11,N,
2022-03-14,P,
2022-03-15,P,
2022-03-16,P,
2022-03-17,P,
2022-03-18,P,
2022-03-21,N,
2022-03-22,N,
2022-03-23,N,
2022-03-24,N,
2022-03-25,N,
2022-03-28,P,
2022-03-29,P,
2022-03-30,P,
2022-03-31,P,
2022-04-01,P,
2022-04-04,N,
2022-04-05,N,
2022-04-06,N,
2022-04-07,N,
2022-04-08,N,
2022-04-11,P,
2022-04-12,P,
2022-04-13,P,
2022-04-14,P,
2022-04-20,P,1
2022-04-21,N,
2022-04-22,P,
2022-04-25,N,
2022-04-26,N,
2022-04-27,N,
2022-04-28,N,
2022-04-29,N,
2022-05-04,P,2
2022-05-05,P,
2022-05-06,P,
2022-05-09,N,
2022-05-10,N,
2022-05-11,N,
2022-05-12,N,5
2022-05-13,N,
2022-05-16,P,
2022-05-17,P,
2022-05-18,P,
2022-05-19,P,
2022-05-20,P,
2022-05-23,N,
2022-05-24,N,
2022-05-25,N,
2022-05-26,N,
2022-05-27,N,
2022-05-30,P,
2022-05-31,P,
2022-06-01,P,
2022-06-02,P,
2022-06-03,P,
2022-06-06,N,
2022-06-07,N,
2022-06-08,N,
2022-06-09,N,
2022-06-10,N,
2022-06-13,P,
2022-06-14,P,
2022-06-15,P,